<?xml version="1.0" encoding="UTF-8" ?>
<XMLDB PATH="local/edlink/db" VERSION="20140829" COMMENT="Tables to manage OAuth provider"
    xmlns:xsi="http://www.w3.org/2001/XMLSchema-instance"
    xsi:noNamespaceSchemaLocation="../../../lib/xmldb/xmldb.xsd"
>
  <TABLES>
    <TABLE NAME="oauth_clients" COMMENT="Client platforms that can authenticate">
      <FIELDS>
        <FIELD NAME="id" TYPE="int" LENGTH="10" NOTNULL="true" UNSIGNED="true" SEQUENCE="true"/>
        <FIELD NAME="client_id" TYPE="char" LENGTH="80" NOTNULL="true" SEQUENCE="false"/>
        <FIELD NAME="client_secret" TYPE="char" LENGTH="80" NOTNULL="true" SEQUENCE="false"/>
        <FIELD NAME="redirect_uri" TYPE="char" LENGTH="1333" NOTNULL="false" SEQUENCE="false"/>
        <FIELD NAME="grant_types" TYPE="char" LENGTH="80" NOTNULL="false" SEQUENCE="false"/>
        <FIELD NAME="scope" TYPE="char" LENGTH="1333" NOTNULL="false" SEQUENCE="false"/>
        <FIELD NAME="user_id" TYPE="int" LENGTH="10" NOTNULL="false" SEQUENCE="false"/>
      </FIELDS>
      <KEYS>
        <KEY NAME="primary" TYPE="primary" FIELDS="id"/>
        <KEY NAME="client_id" TYPE="unique" FIELDS="client_id"/>
      </KEYS>
    </TABLE>
    <TABLE NAME="oauth_access_tokens" COMMENT="Table to store the access tokens">
      <FIELDS>
        <FIELD NAME="id" TYPE="int" LENGTH="10" NOTNULL="true" UNSIGNED="true" SEQUENCE="true"/>
        <FIELD NAME="access_token" TYPE="char" LENGTH="40" NOTNULL="true" SEQUENCE="false"/>
        <FIELD NAME="client_id" TYPE="char" LENGTH="80" NOTNULL="true" SEQUENCE="false"/>
        <FIELD NAME="user_id" TYPE="int" LENGTH="10" NOTNULL="false" SEQUENCE="false"/>
        <FIELD NAME="expires" TYPE="int" LENGTH="10" NOTNULL="true" SEQUENCE="false"/>
        <FIELD NAME="scope" TYPE="char" LENGTH="1333" NOTNULL="false" SEQUENCE="false"/>
      </FIELDS>
      <KEYS>
        <KEY NAME="primary" TYPE="primary" FIELDS="id"/>
        <KEY NAME="access_token" TYPE="unique" FIELDS="access_token"/>
      </KEYS>
    </TABLE>
    <TABLE NAME="oauth_authorization_codes" COMMENT="Store the auth code before access token">
      <FIELDS>
        <FIELD NAME="id" TYPE="int" LENGTH="10" NOTNULL="true" UNSIGNED="true" SEQUENCE="true"/>
        <FIELD NAME="authorization_code" TYPE="char" LENGTH="40" NOTNULL="true" SEQUENCE="false"/>
        <FIELD NAME="client_id" TYPE="char" LENGTH="80" NOTNULL="true" SEQUENCE="false"/>
        <FIELD NAME="user_id" TYPE="int" LENGTH="10" NOTNULL="false" SEQUENCE="false"/>
        <FIELD NAME="redirect_uri" TYPE="char" LENGTH="1333" NOTNULL="false" SEQUENCE="false"/>
        <FIELD NAME="expires" TYPE="int" LENGTH="10" NOTNULL="true" SEQUENCE="false"/>
        <FIELD NAME="scope" TYPE="char" LENGTH="1333" NOTNULL="false" SEQUENCE="false"/>
        <FIELD NAME="id_token" TYPE="char" LENGTH="1000" NOTNULL="false" SEQUENCE="false"/>
      </FIELDS>
      <KEYS>
        <KEY NAME="primary" TYPE="primary" FIELDS="id"/>
        <KEY NAME="authorization_code" TYPE="unique" FIELDS="authorization_code"/>
      </KEYS>
    </TABLE>
    <TABLE NAME="oauth_refresh_tokens" COMMENT="Store the refresh access tokens">
      <FIELDS>
        <FIELD NAME="id" TYPE="int" LENGTH="10" NOTNULL="true" UNSIGNED="true" SEQUENCE="true"/>
        <FIELD NAME="refresh_token" TYPE="char" LENGTH="40" NOTNULL="true" SEQUENCE="false"/>
        <FIELD NAME="client_id" TYPE="char" LENGTH="80" NOTNULL="true" SEQUENCE="false"/>
        <FIELD NAME="user_id" TYPE="int" LENGTH="10" NOTNULL="false" SEQUENCE="false"/>
        <FIELD NAME="expires" TYPE="int" LENGTH="10" NOTNULL="true" SEQUENCE="false"/>
        <FIELD NAME="scope" TYPE="char" LENGTH="1333" NOTNULL="false" SEQUENCE="false"/>
      </FIELDS>
      <KEYS>
        <KEY NAME="primary" TYPE="primary" FIELDS="id"/>
        <KEY NAME="refresh_token" TYPE="unique" FIELDS="refresh_token"/>
      </KEYS>
    </TABLE>
    <TABLE NAME="oauth_scopes" COMMENT="Store the scopes">
      <FIELDS>
        <FIELD NAME="id" TYPE="int" LENGTH="10" NOTNULL="true" UNSIGNED="true" SEQUENCE="true"/>
        <FIELD NAME="scope" TYPE="char" LENGTH="80" NOTNULL="true" SEQUENCE="false"/>
        <FIELD NAME="is_default" TYPE="int" LENGTH="1" NOTNULL="false" SEQUENCE="false"/>
      </FIELDS>
      <KEYS>
        <KEY NAME="primary" TYPE="primary" FIELDS="id"/>
        <KEY NAME="scope" TYPE="unique" FIELDS="scope"/>
      </KEYS>
    </TABLE>
    <TABLE NAME="oauth_jwt" COMMENT="Store the auth code before access token">
      <FIELDS>
        <FIELD NAME="id" TYPE="int" LENGTH="10" NOTNULL="true" UNSIGNED="true" SEQUENCE="true"/>
        <FIELD NAME="client_id" TYPE="char" LENGTH="80" NOTNULL="true" SEQUENCE="false"/>
        <FIELD NAME="subject" TYPE="char" LENGTH="80" NOTNULL="false" SEQUENCE="false"/>
        <FIELD NAME="public_key" TYPE="char" LENGTH="1333" NOTNULL="true" SEQUENCE="false"/>
      </FIELDS>
      <KEYS>
        <KEY NAME="primary" TYPE="primary" FIELDS="id"/>
      </KEYS>
    </TABLE>
    <TABLE NAME="oauth_public_keys" COMMENT="Store the auth code before access token">
      <FIELDS>
        <FIELD NAME="id" TYPE="int" LENGTH="10" NOTNULL="true" UNSIGNED="true" SEQUENCE="true"/>
        <FIELD NAME="client_id" TYPE="char" LENGTH="80" NOTNULL="false" SEQUENCE="false"/>
        <FIELD NAME="public_key" TYPE="char" LENGTH="1333" NOTNULL="false" SEQUENCE="false"/>
        <FIELD NAME="private_key" TYPE="char" LENGTH="1333" NOTNULL="false" SEQUENCE="false"/>
        <FIELD NAME="encryption_algorithm" TYPE="char" LENGTH="100" NOTNULL="false" DEFAULT="RS256" SEQUENCE="false"/>
      </FIELDS>
      <KEYS>
        <KEY NAME="primary" TYPE="primary" FIELDS="id"/>
      </KEYS>
    </TABLE>
    <TABLE NAME="oauth_user_auth_scopes" COMMENT="Store the scopes authorized by the user">
      <FIELDS>
        <FIELD NAME="id" TYPE="int" LENGTH="10" NOTNULL="true" UNSIGNED="true" SEQUENCE="true"/>
        <FIELD NAME="client_id" TYPE="char" LENGTH="80" NOTNULL="true" SEQUENCE="false"/>
        <FIELD NAME="user_id" TYPE="int" LENGTH="10" NOTNULL="true" SEQUENCE="false"/>
        <FIELD NAME="scope" TYPE="char" LENGTH="80" NOTNULL="true" SEQUENCE="false"/>
      </FIELDS>
      <KEYS>
        <KEY NAME="primary" TYPE="primary" FIELDS="id"/>
        <KEY NAME="client_user_scope" TYPE="unique" FIELDS="client_id, user_id, scope"/>
        <KEY NAME="user_id" TYPE="foreign" FIELDS="user_id" REFTABLE="user" REFFIELDS="id"/>
      </KEYS>
    </TABLE>
  </TABLES>
</XMLDB>